<?xml version="1.0" encoding="UTF-8"?>
<databaseChangeLog
        xmlns="http://www.liquibase.org/xml/ns/dbchangelog"
        xmlns:xsi="http://www.w3.org/2001/XMLSchema-instance"
        xsi:schemaLocation="http://www.liquibase.org/xml/ns/dbchangelog
         http://www.liquibase.org/xml/ns/dbchangelog/dbchangelog-2.0.xsd">

<!--    Ovde dodamo u listu kad kod imamo nove promene u bazi migracione-->
<!--    &#45;&#45;&#45;&#45;&#45;&#45;&#45;&#45;&#45;&#45;&#45;&#45;&#45;&#45;&#45;&#45;&#45;&#45;&#45;&#45;&#45;&#45;&#45;&#45;&#45;&#45;&#45;&#45;&#45;&#45;-->
<!--    -&#45;&#45;&#45;&#45;&#45;&#45;&#45;&#45; MIGRATION &#45;&#45;&#45;&#45;&#45;&#45;&#45;&#45;&#45;&#45;-->
<!--    &#45;&#45;&#45;&#45;&#45;&#45;&#45;&#45;&#45;&#45;&#45;&#45;&#45;&#45;&#45;&#45;&#45;&#45;&#45;&#45;&#45;&#45;&#45;&#45;&#45;&#45;&#45;&#45;&#45;&#45;-->
    <include file="db/changelog/migration/schema-migration1.sql" relativeToChangelogFile="false"/>
    <include file="db/changelog/migration/schema-migration2.sql" relativeToChangelogFile="false"/>
    <include file="db/changelog/migration/schema-migration3.sql" relativeToChangelogFile="false"/>
    <include file="db/changelog/migration/schema-migration4.sql" relativeToChangelogFile="false"/>
    <include file="db/changelog/migration/schema-migration5.sql" relativeToChangelogFile="false"/>
    <include file="db/changelog/migration/schema-migration6.sql" relativeToChangelogFile="false"/>
    <include file="db/changelog/migration/schema-migration7.sql" relativeToChangelogFile="false"/>
    <include file="db/changelog/migration/schema-migration8.sql" relativeToChangelogFile="false"/>
    <include file="db/changelog/migration/schema-migration9.sql" relativeToChangelogFile="false"/>
    <include file="db/changelog/migration/schema-migration10.sql" relativeToChangelogFile="false"/>
    <include file="db/changelog/migration/schema-migration11.sql" relativeToChangelogFile="false"/>
    <include file="db/changelog/migration/schema-migration12.sql" relativeToChangelogFile="false"/>
    <include file="db/changelog/migration/schema-migration13.sql" relativeToChangelogFile="false"/>
    <include file="db/changelog/migration/schema-migration14.sql" relativeToChangelogFile="false"/>
    <include file="db/changelog/migration/schema-migration15.sql" relativeToChangelogFile="false"/>
    <include file="db/changelog/migration/schema-migration16.sql" relativeToChangelogFile="false"/>
    <include file="db/changelog/migration/schema-migration17.sql" relativeToChangelogFile="false"/>
    <include file="db/changelog/migration/schema-migration18.sql" relativeToChangelogFile="false"/>
    <include file="db/changelog/migration/schema-migration19.sql" relativeToChangelogFile="false"/>

<!--    DATA-->

    <include file="db/changelog/data/schema-data1.sql" relativeToChangelogFile="false"/>
    <include file="db/changelog/data/schema-data2.sql" relativeToChangelogFile="false"/>
    <include file="db/changelog/data/schema-data3.sql" relativeToChangelogFile="false"/>
    <include file="db/changelog/data/schema-data4.sql" relativeToChangelogFile="false"/>
    <include file="db/changelog/data/schema-data5.sql" relativeToChangelogFile="false"/>
    <include file="db/changelog/data/schema-data6.sql" relativeToChangelogFile="false"/>
    <include file="db/changelog/data/schema-data7.sql" relativeToChangelogFile="false"/>
    <include file="db/changelog/data/schema-data8.sql" relativeToChangelogFile="false"/>
    <include file="db/changelog/data/schema-data9.sql" relativeToChangelogFile="false"/>
    <include file="db/changelog/data/schema-data10.sql" relativeToChangelogFile="false"/>
    <include file="db/changelog/data/schema-data11.sql" relativeToChangelogFile="false"/>
    <include file="db/changelog/data/schema-data12.sql" relativeToChangelogFile="false"/>
    <include file="db/changelog/data/schema-data13.sql" relativeToChangelogFile="false"/>
    <include file="db/changelog/data/schema-data14.sql" relativeToChangelogFile="false"/>
    <include file="db/changelog/data/schema-data15.sql" relativeToChangelogFile="false"/>
    <include file="db/changelog/data/schema-data16.sql" relativeToChangelogFile="false"/>
    <include file="db/changelog/data/schema-data17.sql" relativeToChangelogFile="false"/>
    <include file="db/changelog/data/schema-data18.sql" relativeToChangelogFile="false"/>



</databaseChangeLog>